Username,Object ID
C925f765,000-004
q977u769,005-009
a939v955,010-014
w457v626,015-019
a444r873,020-024
h755a836,025-029
k667s926,030-034
n659a624,035-039
y557w378,040-044
k844y549,045-049
a823v673,050-054
r327s848,055-059
g267w277,060-064
e326e889,065-069
f377g992,070-074
e593b379,075-079
d647c834,080-084
n227w835,085-089
p839n797,090-094
u748q638,095-099
v293s349,100-104
v249b387,105-109
p245v786,110-114
q339z846,115-119
n493r527,120-124
x524r339,125-129
z467b256,130-134
k687v687,135-139
n556v335,140-144
f843y244,145-149
g524d783,150-154
t987k298,155-159
j952s533,160-164
k467g377,165-169
j547a966,170-174
r457r347,175-179
j785q798,180-184
b578b592,185-189
v226y594,190-194
y868v924,195-199
a376n898,200-204
n642n239,205-209
p356t675,210-214
z923w382,215-219
